customer_id,name,e-mail,birthdate,address,postcode,city,created_on
CST-0795916691,Kyano de Marduras,kyano.de.marduras@van.net,2000-04-17,Benthestraat 936,7156 GO,Rien,2021-11-21
CST-2774146654,Wouter Sprong,wouter.sprong@outlook.com,1962-02-09,Deansingel 5,8157TC,Rhenen,2018-09-06
CST-0934367072,Aaliyah Scharroo,aaliyah.scharroo@kpn.nl,1947-02-16,Charlottestraat 778,7302YS,Klijndijk,2021-10-16
CST-5202567500,Nadine van Ginkel,nadine.van.ginkel@kpn.nl,1971-11-28,Siemhof 874,6975 UC,Megchelen,2020-12-23
CST-7013360262,Cas Jones,cas.jones@outlook.com,1965-07-22,Maryamsingel 0,2250QD,Oud Gastel,2019-10-26
CST-1665518697,Jasper van Saksen,jasper.van.saksen@ziggo.nl,1961-08-01,Jakepad 39,2306AX,Vught,2020-04-17
CST-8019110578,Micha Waltrade Walderade,micha.waltrade.walderade@hotmail.com,1987-01-20,Pimsingel 427,1048AZ,Veere,2021-10-22
CST-3834319029,Inaya Lambregt,inaya.lambregt@outlook.com,2002-03-25,Isabelhof 926,3609 EO,Wolvega,2020-05-19
CST-7084449968,Catharina Garret,catharina.garret@hotmail.com,1976-09-12,Noutweg 65,8606 PW,Steendam,2021-11-11
CST-0428976817,Cornelis Wolffel,cornelis.wolffel@outlook.com,1984-08-19,Noahring 0,3065 RY,Eemnes,2020-11-12
CST-1073570710,Elisa van Breugel,elisa.van.breugel@hotmail.com,1980-10-23,Jaydendreef 89,2819BJ,Hengelo,2020-06-09
CST-2945256343,Elias Feltzer,elias.feltzer@outlook.com,1977-11-27,Nadinepad 4,3830 CU,Bolsward,2020-03-27
CST-2781937883,Azra van Limburg,azra.van.limburg@van.biz,1979-09-13,Miaring 512,2698GC,Surhuisterveen,2021-04-08
CST-4309171667,Wout Hemma van Allemanië,wout.hemma.van.allemanie@hotmail.com,1965-05-23,Norahboulevard 6,6110 LJ,Leunen,2019-03-23
CST-5319366921,Linde Oosterhek,linde.oosterhek@leguit.org,1967-01-19,Feddeboulevard 93,4068IA,Winde,2019-08-21
CST-4918319806,Dex Smit,dex.smit@gmail.com,1968-01-23,Ameliaboulevard 5,3773 BU,Haelen,2019-11-06
CST-6183246719,Sepp François,sepp.francois@janssens.com,1974-10-10,Laurenboulevard 991,3797LB,Gasselte,2018-09-06
CST-8135533982,Wouter Ferran,wouter.ferran@gmail.com,1996-05-26,Nadiaboulevard 35,1847 WX,Alde Leie,2019-12-16
CST-2038886117,Noortje Hendriks,noortje.hendriks@gmail.com,1973-01-21,Charlottesingel 833,2751 WN,Kropswolde,2018-10-04
CST-9046918049,Sepp Martens,sepp.martens@hotmail.com,1986-11-12,Rensstraat 67,6940QW,Wamel,2020-11-21
CST-6581273563,Jari Nedermeijer,jari.nedermeijer@hotmail.com,1962-10-23,Merijnsingel 24,7988 WS,Otterlo,2018-06-22
CST-5826264145,Lieve van den Berg,lieve.van.den.berg@outlook.com,1986-08-03,Kyradreef 9,6356ML,Hoogvliet Rotterdam,2020-08-23
CST-3485432436,Kyara Wever,kyara.wever@nedap.com,1945-02-21,Thijmenring 1,4748YC,Waterhuizen,2021-10-30
CST-5718411111,Lisanne die Witte,lisanne.die.witte@outlook.com,1987-01-26,Karlijnlaan 00,1892QA,Lobith,2019-03-30
CST-7458362642,Abel Kronenberg,abel.kronenberg@hotmail.com,1947-12-13,Chloéring 65,7995OD,Schouwerzijl,2021-09-19
CST-9859945007,Stella van Cuijck,stella.van.cuijck@gmail.com,1992-03-20,Jortdreef 941,2221 LW,Zurich,2019-03-19
CST-7581089677,Angelina Mallien,angelina.mallien@kpn.nl,1970-08-20,Imranstraat 232,8991 HC,Bunnik,2020-09-03
CST-9756726169,Mees Jacquot,mees.jacquot@ziggo.nl,1978-02-14,Ecrinsteeg 64,8953JA,Benneveld,2019-03-23
CST-3248372683,Noor van Vliet,noor.van.vliet@kpn.nl,1985-08-14,Rileydreef 5,5459 CI,Klaaswaal,2021-01-12
CST-3955214264,Roan van den Heuvel,roan.van.den.heuvel@ziggo.nl,1978-07-03,Evelienring 633,5657 JB,Vledderveen,2018-12-16
CST-3103590962,Valerie Spier,valerie.spier@hotmail.com,1990-11-04,Damianstraat 481,2639SD,Leutingewolde,2018-08-11
CST-1405093551,Fien Werl,fien.werl@outlook.com,1951-01-17,Siennasteeg 1,5008ZW,Haler,2018-03-31
CST-5711612324,Nikki de Graaf,nikki.de.graaf@hotmail.com,2001-10-01,Fennapad 10,5018VE,Holthone,2018-08-20
CST-6240157965,Bas Kuijpers,bas.kuijpers@janse.com,1999-05-08,Milaweg 8,1997 QS,Idzega,2018-11-27
CST-6673054307,Ize Dachgelt,ize.dachgelt@gmail.com,1952-04-17,Teunsteeg 416,3402 NL,Amsterdam,2018-11-13
CST-7321076473,Ian Schwartsbach,ian.schwartsbach@ziggo.nl,2001-12-12,Helenaring 6,6464 UX,Asperen,2020-08-24
CST-1634556687,Boaz van Este,boaz.van.este@outlook.com,1987-12-10,Tygohof 4,8967 DM,Graauw,2021-12-22
CST-1356724455,Quinty Kamper,quinty.kamper@gmail.com,1964-01-08,Noutsingel 9,9576 IV,Makkinga,2018-04-11
CST-0085006302,Thijmen Brisee,thijmen.brisee@gmail.com,1964-01-28,Carlijnstraat 880,6762JA,Colmschate,2019-01-26
CST-2449980078,Julius van Nus,julius.van.nus@gmail.com,1981-05-29,Ayoubstraat 483,2325 SZ,Oude Wetering,2021-01-15
CST-6828667853,Daphne Huijben,daphne.huijben@kpn.nl,1989-06-24,Mellesteeg 58,2216IX,Wapenveld,2020-01-24
CST-0911358206,Ryan de Bont,ryan.de.bont@kpn.nl,1947-01-24,Elifsingel 56,9534ZQ,Kapel Avezaath,2021-12-31
CST-0703678591,Thom Wipstrik,thom.wipstrik@kpn.nl,1957-01-02,Bartsingel 886,7457PD,Bornwird,2020-04-21
CST-2715537922,Lindsey Vastenhouw,lindsey.vastenhouw@andus.biz,1987-01-22,Stijnhof 22,9804 MN,Ter Heijde,2021-05-03
CST-1961139731,Merel Poncelet,merel.poncelet@ziggo.nl,1944-05-21,Ameliasteeg 91,2124LD,Ulvenhout AC,2019-12-14
CST-4257947274,Sam van Engeland,sam.van.engeland@stichting.com,2005-02-08,Emmapad 782,4704ZC,Eethen,2018-10-27
CST-6252608838,Janna Dekker,janna.dekker@ziggo.nl,1968-07-12,Stellasteeg 11,8480 YQ,Zijldijk,2021-07-20
CST-7607317020,Maria Hondeveld,maria.hondeveld@gmail.com,1958-03-04,Ashleydreef 3,2046 OK,'t Haantje,2019-03-01
CST-3676101191,Fay Fechant,fay.fechant@koninklijke.com,1992-12-12,Guusjebaan 33,5042 QM,Gramsbergen,2020-02-19
CST-4429032765,Isabel de Vrome,isabel.de.vrome@lucas.com,1987-10-23,Lucadreef 666,2594 VT,Heinenoord,2021-11-08
CST-9762898850,Isabel Beekman,isabel.beekman@hotmail.com,1979-11-09,Bryanhof 71,4539 TA,Ellertshaar,2020-05-31
CST-7227746834,Lisa Boudewijns,lisa.boudewijns@ziggo.nl,1958-10-19,Mettesingel 2,1406 MI,Huis ter Heide,2020-01-11
CST-0505236427,Jonathan Chotzen,jonathan.chotzen@ziggo.nl,1981-05-31,Liviasingel 879,8216 FB,Oldeouwer,2020-10-19
CST-6303536164,Lorenzo Wolfsdr,lorenzo.wolfsdr@outlook.com,1946-01-27,Rafaellaan 064,2338SY,Hoenzadriel,2021-07-16
CST-1317189960,Lena van Hemert,lena.van.hemert@stage.biz,1987-01-07,Veraboulevard 54,9507CK,Bornerbroek,2018-09-10
CST-2522859893,Faas Van Bragt,faas.van.bragt@outlook.com,1958-07-28,Emilyboulevard 588,2389KM,Lithoijen,2021-06-11
CST-7131788084,Bilal Gervais,bilal.gervais@heribert.biz,1953-03-31,Keanodreef 8,4272PM,Krewerd,2018-07-02
CST-5305483982,Amy Terry,amy.terry@hotmail.com,1988-11-22,Norahsteeg 98,7688ZK,Hattem,2019-05-11
CST-3657989801,Mees Hollander,mees.hollander@hotmail.com,1949-07-06,Veraweg 57,2713 UZ,Merkelbeek,2021-06-12
CST-8018836467,Jasper Wever,jasper.wever@outlook.com,1950-03-31,Nintheboulevard 1,9628 ZR,Nieuw-Roden,2019-02-16
CST-5422393809,Thomas van Metz,thomas.van.metz@van.com,1998-03-02,Mirtepad 939,9005VM,Diever,2018-04-14
CST-7717936549,Jayden Verbeeck,jayden.verbeeck@kpn.nl,1991-08-17,Elisebaan 409,8756 MF,Wilhelminaoord,2019-02-11
CST-7442616221,Meike Pastoors,meike.pastoors@bartels.info,1953-08-26,Bilalboulevard 81,7465 ZF,Gramsbergen,2022-02-27
CST-5441375868,Suze van Ooyen,suze.van.ooyen@gmail.com,1958-07-18,Marelaan 4,6399 WQ,Witmarsum,2021-10-20
CST-5476821230,Lena van Es,lena.van.es@outlook.com,1990-09-08,Lukahof 473,2168ND,Beesd,2020-04-25
CST-9808362291,Faye Muijs,faye.muijs@outlook.com,1974-06-08,Lindseystraat 982,2379 PC,Eppenhuizen,2020-01-05
CST-1033487055,Sterre van den Brink,sterre.van.den.brink@koninklijke.com,1995-05-30,Timstraat 748,7650 DY,Parrega,2021-02-17
CST-6644891452,Aron van Westfalen,aron.van.westfalen@kpn.nl,1971-12-16,Naudsteeg 2,3826WF,Arnemuiden,2020-07-04
CST-2847825364,Sander Vrancken,sander.vrancken@ziggo.nl,1947-11-07,Ryanweg 2,8463HW,Herveld,2020-07-10
CST-4672301470,Kick van den Wittenboer,kick.van.den.wittenboer@hotmail.com,1953-09-03,Daniquesteeg 400,5165 LE,Haskerhorne,2019-10-14
CST-6060232487,Jasmijn de Wit,jasmijn.de.wit@gmail.com,1972-03-24,Pippasteeg 843,7842ER,Grijpskerke,2020-05-30
CST-7224245919,Lars Lagerweij,lars.lagerweij@van.net,1958-02-10,Larsboulevard 59,9078BM,De Krim,2018-12-13
CST-4741448288,Fem Broeckx,fem.broeckx@koninklijke.com,1959-09-20,Annabelstraat 472,5042AA,Sneek,2020-05-14
CST-6741466324,Faas van den Heuvel,faas.van.den.heuvel@pons.com,1949-05-17,Charlottelaan 6,2138 UL,Tuitjenhorn,2020-04-21
CST-5812478698,Jayden Coolen,jayden.coolen@ziggo.nl,1974-09-26,Helenapad 2,1398FA,Lierderholthuis,2018-05-23
CST-7722030051,Jinthe Marceron,jinthe.marceron@ziggo.nl,1961-05-11,Michellesteeg 608,1546JX,Batenburg,2020-04-01
CST-1610472918,Elisa Gemen,elisa.gemen@de.biz,1959-12-02,Mariasteeg 273,9213ZN,Eijsden,2021-04-02
CST-1630167770,Puk Ruijs,puk.ruijs@gmail.com,1966-04-24,Yinthedreef 310,4407 YD,Avenhorn,2020-12-03
CST-9290408380,Jayson Zuijdveld,jayson.zuijdveld@mediamarkt.com,1964-04-26,Sennring 058,9702JH,Heerewaarden,2019-07-05
CST-6944306768,Kyra Heijmen,kyra.heijmen@gmail.com,1968-08-07,Guusjedreef 885,5682 CZ,Zwiggelte,2021-12-22
CST-0434166720,Pien den Teuling,pien.den.teuling@outlook.com,1944-04-03,Sannelaan 0,4212EO,Ballum,2019-11-06
CST-8321500532,Sophia Beourgeois,sophia.beourgeois@ziggo.nl,1953-02-19,Jaydenring 6,4102ZL,Aalst,2022-02-11
CST-3424020235,Senn Diesbergen,senn.diesbergen@kpn.nl,1968-03-20,Aylinsteeg 95,3794GJ,Nieuw Annerveen,2022-01-03
CST-7575130824,Raf Le Marec,raf.le.marec@kpn.nl,1958-08-02,Aydensingel 836,9645UH,Zundert,2018-11-06
CST-8940022141,Colin Veltman,colin.veltman@kronenberg.com,1962-09-06,Lisehof 6,4719 BG,Nuis,2018-05-15
CST-1262060729,Fedde de Jager,fedde.de.jager@kpn.nl,1991-05-28,Siennastraat 099,9958GJ,Gellicum,2018-06-15
CST-2154691517,Robin Mudden,robin.mudden@kpn.nl,2003-04-25,Jaspersingel 9,2730VM,Ekehaar,2021-04-19
CST-1023888012,Sepp de Gratie,sepp.de.gratie@outlook.com,1984-03-03,Berendbaan 672,6281 ZO,Casteren,2021-12-04
CST-2757175864,Aaliyah Wouters,aaliyah.wouters@outlook.com,1966-08-12,Aylindreef 723,6145ON,Heibloem,2020-10-21
CST-8426882497,Gijs van Beieren,gijs.van.beieren@hotmail.com,2001-02-15,Ivystraat 7,3115 ZT,Zorgvlied,2018-09-04
CST-4663449548,Myrthe Texier,myrthe.texier@outlook.com,1957-09-11,Emilyring 322,1754EL,Groningen,2019-05-26
CST-6820056812,Luna Hendriks,luna.hendriks@outlook.com,1973-06-01,Loïsbaan 545,9876EC,Oisterwijk,2019-07-22
CST-4146008552,Arthur van Beeck,arthur.van.beeck@koning.com,2000-08-17,Amysingel 33,4029 GR,Gorredijk,2020-02-07
CST-4760454454,Kyara Fechant,kyara.fechant@kpn.nl,1963-05-03,Jorislaan 2,8090 OW,Zevenbergen,2020-11-22
CST-7745306779,Kai van Ginkel,kai.van.ginkel@ziggo.nl,1970-07-22,Evasteeg 285,3649 OU,Veenendaal,2021-06-13
CST-3969660764,Tijn de Lange,tijn.de.lange@outlook.com,2000-09-10,Lucaboulevard 778,1768IL,Legemeer,2022-02-12
CST-5369558765,Juul van Gent,juul.van.gent@gmail.com,1947-11-11,Matsweg 511,2766 WE,Woensdrecht,2021-06-16
CST-4974747449,Benthe Aertsz,benthe.aertsz@gmail.com,1963-07-17,Luclaan 21,4896 UB,Zweeloo,2020-03-02
CST-1585257133,Chloë Eelman,chloe.eelman@kpn.nl,1988-06-12,Olafboulevard 030,1188HD,Vlaardingen,2021-06-19
CST-3012222436,Tess Kathagen,tess.kathagen@ziggo.nl,1948-01-24,Quintydreef 35,4741 BA,Overschild,2021-10-21
CST-2403022567,Puck Prinsen,puck.prinsen@strik.com,1979-10-21,Samidreef 883,1884QP,Dinteloord,2021-07-06
CST-0234873013,Mads van Laon,mads.van.laon@ziggo.nl,1961-10-18,Hendrikring 20,2815 QL,Nieuwe Niedorp,2020-05-28
CST-2397198969,Kyara Meeres,kyara.meeres@skf.com,1963-06-24,Jaydapad 40,3823 YV,Anderen,2020-10-31
CST-2538388880,Azra Mansvelt,azra.mansvelt@ziggo.nl,1984-10-16,Mauddreef 6,6193SC,Dinteloord,2022-01-22
CST-6079525606,Rayan Karels,rayan.karels@gmail.com,2001-09-19,Sofiaring 3,2317 OK,Hoogmade,2019-08-05
CST-0116267234,Floor Bökenkamp,floor.bokenkamp@van.com,1987-10-08,Kiandreef 6,2939 XH,Idzega,2018-05-15
CST-5167268545,Lotte van Wassenaar,lotte.van.wassenaar@hotmail.com,1982-12-05,Jobhof 10,4175 VC,Rhee,2021-06-13
CST-1514883480,Jesper Jacobs,jesper.jacobs@peak-it.com,1969-06-06,Mettelaan 182,6743JI,Odijk,2019-10-04
CST-6825705198,Eline Riem,eline.riem@gmail.com,1954-10-14,Danadreef 655,3518 QK,Koningsbosch,2021-05-14
CST-7255251087,Wesley Koret,wesley.koret@outlook.com,1943-11-25,Jacklaan 9,7686GQ,Volkel,2021-02-03
CST-8438452731,Lieve van de Velde,lieve.van.de.velde@outlook.com,1975-06-21,Joeplaan 8,8278 JP,Alblasserdam,2020-05-03
CST-8999500848,Ecrin van Velzen,ecrin.van.velzen@royal.biz,1951-03-16,Rickdreef 253,8710 VL,Cromvoirt,2022-02-20
CST-0718068250,Mehmet Meyer,mehmet.meyer@royal.info,2003-07-03,Jadedreef 362,7937KB,Nijemirdum,2021-03-21
CST-8805760645,Elise van Haspengouw Hesbaye,elise.van.haspengouw.hesbaye@kpn.nl,1985-04-03,Collinring 511,6876 KG,Zwaagdijk-Oost,2021-02-10
CST-0018848402,Zeynep Meyer,zeynep.meyer@outlook.com,1989-02-23,Rubenbaan 418,5848LT,Winterswijk Woold,2021-09-08
CST-1424096224,Evie van Mil,evie.van.mil@outlook.com,1999-12-24,Bramsteeg 5,3244JB,Rhenoy,2018-08-14
CST-5244392848,Lisa Tielemans,lisa.tielemans@kpn.nl,1977-06-09,Anoukdreef 590,7690 OV,Hollum,2018-12-21
CST-9538401289,Maaike Dekker,maaike.dekker@kpn.nl,1983-11-20,Sofiahof 5,2226AP,Goedereede,2020-02-19
CST-7633836137,Joy Boer,joy.boer@jumbo.net,1954-09-01,Sandersteeg 30,5081TM,Havelte,2020-09-16
CST-5996531200,Milan Jurrijens,milan.jurrijens@outlook.com,1977-11-23,Rubenlaan 6,4244 TH,Zuidland,2018-07-30
CST-5698261395,Melissa Schipper,melissa.schipper@hotmail.com,1998-05-31,Lievestraat 42,4069 UZ,Heinkenszand,2019-08-08
CST-5697786248,Ilse Broeders,ilse.broeders@gmail.com,1999-04-10,Lucabaan 5,9699VF,Legemeer,2018-06-11
CST-5226169159,Karlijn Rubben,karlijn.rubben@outlook.com,1988-08-18,Fabiënnedreef 77,6633PZ,Luddeweer,2022-01-29
CST-7911997570,Kevin Oemencs,kevin.oemencs@ziggo.nl,1994-06-19,Evastraat 2,2159 LV,Slappeterp,2022-02-08
CST-3284023025,Lotte Vervoort,lotte.vervoort@outlook.com,1944-10-24,Dewiboulevard 387,6062 GB,Haaften,2020-02-23
CST-0633191990,Ecrin Ridder,ecrin.ridder@gmail.com,1989-02-22,Felineweg 46,7115NP,Tytsjerk,2020-04-16
CST-7227972371,Milo Roose,milo.roose@royal.info,1996-07-28,Vigohof 68,4440 JD,Driehuizen,2019-09-13
CST-7309194472,Brian Everts,brian.everts@hotmail.com,1963-04-18,Rafbaan 67,5524XK,Balk,2020-08-29
CST-6945687745,Imran van Wessex,imran.van.wessex@hotmail.com,1944-10-18,Imransteeg 263,1459 VH,Boerakker,2020-04-23
CST-8186766999,Dion Bosch,dion.bosch@hotmail.com,1970-02-03,Chloélaan 326,6538 DO,Zuidschermer,2018-04-21
CST-5936824901,Aya Uphus,aya.uphus@kpn.nl,1985-03-29,Elizebaan 3,3737YW,Rheeze,2019-01-09
CST-3887914844,Amir Elsenaar,amir.elsenaar@ziggo.nl,1994-03-10,Isabellapad 01,1485 DA,Goirle,2018-08-25
CST-9715084587,Anne de Swart,anne.de.swart@kpn.nl,1979-10-14,Abelsteeg 3,1269EM,Purmerland,2022-02-04
CST-0513328432,Jelte Corstiaens,jelte.corstiaens@outlook.com,1949-02-22,Matsdreef 64,2348MM,Bredevoort,2021-09-25
CST-8867623830,Casper Verschut,casper.verschut@outlook.com,1966-03-22,Loïsboulevard 8,4517ST,Wommels,2018-09-18
CST-3302820551,Puk van Brenen,puk.van.brenen@ziggo.nl,1961-05-12,Samboulevard 83,8146 LA,Beesd,2021-09-12
CST-2887211759,Sarah van Rooij,sarah.van.rooij@kpn.nl,1996-08-16,Fennabaan 978,7758HT,Den Burg,2018-08-02
CST-6949261828,Ayoub Bernaards,ayoub.bernaards@ford.info,1969-12-14,Rileydreef 13,6921TW,Rhenoy,2018-08-18
CST-1322271040,Damian Vertoor,damian.vertoor@gmail.com,1976-07-18,Milousteeg 248,1264FB,Greonterp,2018-05-07
CST-6649330867,Mats van der Leek,mats.van.der.leek@ziggo.nl,1961-07-19,Milanlaan 966,1096 KH,Heinkenszand,2019-10-02
CST-3458146337,Julia Vergeer,julia.vergeer@gmail.com,1999-03-15,Isabellesteeg 65,4144HO,Landhorst,2018-10-11
CST-9690629638,Tessa Smith,tessa.smith@ziggo.nl,1992-05-18,Angelinasteeg 396,3183 IR,Liempde,2019-01-24
CST-8956007418,Lieve Meis,lieve.meis@outlook.com,1952-04-04,Ravihof 5,4775 OT,Stramproy,2018-04-28
CST-6783407973,Gerrit de Marduras,gerrit.de.marduras@gmail.com,1956-07-16,Feddedreef 473,1112WO,Egmond-Binnen,2019-08-26
CST-4027493360,Mark Bud,mark.bud@kpn.nl,1978-11-04,Yintheboulevard 1,1211DJ,Gastel,2018-12-13
CST-5088569479,Fem Hollander,fem.hollander@ziggo.nl,1947-06-07,Arieboulevard 378,1184FW,Winterswijk,2018-11-29
CST-1600497193,Alex Sestig,alex.sestig@kpn.nl,1970-07-14,Miaweg 2,5104NX,Beilen,2018-12-15
CST-5537333770,Tim Mathol,tim.mathol@ziggo.nl,1966-09-25,Karlijnweg 0,4267AG,Koarnjum,2019-11-01
CST-1231585208,Noah Woudenberg,noah.woudenberg@hotmail.com,1984-10-26,Félinering 06,5029ND,Stellendam,2021-01-31
CST-8545625501,Tess Nihoe,tess.nihoe@peak-it.com,1979-05-08,Yasminring 3,4842MU,Vianen,2018-05-27
CST-4208467495,Thijmen de Vries,thijmen.de.vries@royal.org,1993-04-24,Tobiasbaan 553,7342ID,Kortenhoef,2021-02-22
CST-1722910704,Lily van der Klijn,lily.van.der.klijn@koninklijke.org,1972-05-06,Valentijndreef 12,8205 ZG,Wirdum,2020-07-25
CST-1760598448,Ryan van Riet,ryan.van.riet@gmail.com,1983-11-13,Quintenring 958,3283VO,Andijk,2018-04-01
CST-2233712708,Joost Linschoten,joost.linschoten@outlook.com,1951-10-12,Kyrahof 1,5213 SY,Terkaple,2018-12-14
CST-5210790527,Jim Spiker,jim.spiker@ziggo.nl,2004-09-29,Nikkipad 91,2146 ZR,Beek en Donk,2019-04-06
CST-5970905433,Rosa Hoedemakers,rosa.hoedemakers@gmail.com,1989-02-20,Maaikeweg 9,4504PT,Westkapelle,2019-03-13
CST-8945966415,Nynke de Gruil,nynke.de.gruil@gmail.com,2004-10-29,Mustafaring 4,6417CF,Stampersgat,2018-05-28
CST-9314975302,Fabiënne Boudewijns,fabienne.boudewijns@hotmail.com,1999-12-05,Myrthestraat 14,3729UA,Boven-Leeuwen,2020-07-05
CST-8738387680,Quinty Le Marec,quinty.le.marec@hotmail.com,1997-10-16,Colinring 137,8080AV,Paterswolde,2018-12-14
CST-5239368742,Micha Luboch,micha.luboch@kpn.nl,1968-02-09,Boboulevard 0,7341UD,Hoogenweg,2019-10-05
CST-4105545697,Willem Kamp,willem.kamp@outlook.com,1978-11-05,Laurenweg 0,8037XS,Wilhelminadorp,2022-03-09
CST-4188472566,Jack van Suinvorde,jack.van.suinvorde@ziggo.nl,1989-07-29,Jimweg 89,6237QN,Nieuwer Ter Aa,2019-05-22
CST-4672573925,Max Speijer,max.speijer@hotmail.com,1957-06-16,Mickboulevard 68,7911 KG,Schraard,2020-04-19
CST-8070991429,Mark van de Berg,mark.van.de.berg@koninklijke.com,1990-07-12,Veerlesingel 620,1058 NK,Veldhoven,2018-10-10
CST-7837705423,Mohammed Claesdr,mohammed.claesdr@outlook.com,1949-07-08,Loekstraat 7,8966 DJ,Munstergeleen,2021-01-13
CST-8374842320,Lisanne van Eck,lisanne.van.eck@outlook.com,1946-02-20,Davidweg 650,2543GN,Zuidwolde,2019-10-20
CST-3151003274,Maartje Zuidweg,maartje.zuidweg@ziggo.nl,1988-01-18,Jornsteeg 604,7799 VK,Swichum,2020-10-30
CST-8920439178,Féline van Gils,feline.van.gils@gmail.com,1954-06-06,Noahhof 33,6396SV,Vlierden,2019-07-08
CST-2707675559,Kyara Smit,kyara.smit@outlook.com,1997-02-01,Isadreef 46,4127 QG,Glane,2019-07-21
CST-2516042529,Lizzy Ehlert,lizzy.ehlert@hotmail.com,2001-01-20,Imranring 2,8755PQ,Drongelen,2022-01-03
CST-7893235987,Dina Soos,dina.soos@ziggo.nl,1961-12-15,Merijnsingel 798,6176NC,Wijnjewoude,2021-10-10
CST-6399590717,Dion van Stralen,dion.van.stralen@ziggo.nl,1956-06-23,Angelinapad 30,5017 MZ,Cadier en Keer,2018-05-01
CST-5113772491,Jet Pons,jet.pons@hotmail.com,1969-11-14,Novaweg 72,7915YO,Beers NB,2020-08-12
CST-6974131917,Michelle van Straaten,michelle.van.straaten@ziggo.nl,1948-09-06,Jaristraat 0,5667 WM,Paesens,2020-08-20
CST-1223458029,Zoë van Parijs,zoe.van.parijs@ziggo.nl,1974-02-02,Rosaliesingel 722,4642 SM,Gasselternijveen,2022-03-06
CST-3362924513,Damian Riem,damian.riem@hotmail.com,2002-12-14,Colindreef 36,6290XT,Cornwerd,2021-03-16
CST-6591908100,Amira Appelman,amira.appelman@outlook.com,1949-09-09,Cornelialaan 57,8167 IB,Lageland,2018-06-07
CST-9474936247,Noëlle Mosley,noelle.mosley@mammoet.com,1944-02-05,Tarasteeg 41,3851 TC,Erlecom,2018-05-02
CST-0357072681,Roan Blees,roan.blees@hotmail.com,1983-04-02,Zeynepdreef 16,8639 CH,Wemeldinge,2019-07-06
CST-9704432409,Madelief Kleybrink,madelief.kleybrink@kpn.nl,1973-09-27,Maximdreef 697,4973 FK,Holthees,2021-01-16
CST-9585367895,Lizzy van Wijland,lizzy.van.wijland@van.info,1998-02-21,Milouboulevard 25,8233UF,Mijdrecht,2020-07-11
CST-4495824410,Tirza de Koning,tirza.de.koning@hotmail.com,1990-09-16,Annaring 53,5855NR,Skingen,2021-04-21
CST-5260878965,Noortje Klomp Jan,noortje.klomp.jan@ziggo.nl,1957-09-17,Nisaring 3,5874UG,Geersdijk,2020-08-24
CST-3553178829,Pleun Spanhaak,pleun.spanhaak@hotmail.com,1962-05-18,Silpad 699,7242 MU,Walsoorden,2019-07-23
CST-4870908080,Catharina Le Grand,catharina.le.grand@ziggo.nl,1985-03-28,Fienehof 47,6892SQ,Bergharen,2019-07-22
CST-0807940585,Sophia Voortman,sophia.voortman@outlook.com,1951-04-25,Jessedreef 8,7130XU,Mariahout,2018-07-14
CST-3069151190,Noor Broeshart,noor.broeshart@cbre.com,1997-12-27,Mauritspad 92,2957PT,Grafhorst,2020-02-22
CST-8200621192,Senn Ketting,senn.ketting@hotmail.com,1949-03-16,Renskedreef 52,5968DF,Rucphen,2019-06-07
CST-6998628832,Joy Evers,joy.evers@hotmail.com,1976-01-30,Oliviersteeg 983,7588MI,Veenendaal,2020-06-27
CST-7315456026,Noortje Middelkoop,noortje.middelkoop@gmail.com,1944-10-12,Milohof 23,9847KR,Griendtsveen,2021-12-17
CST-9088620092,Senna Nijman,senna.nijman@hotmail.com,1978-10-21,Borisweg 01,7069 FN,Kaatsheuvel,2018-05-14
CST-8182453655,Milo Klomp Jan,milo.klomp.jan@ziggo.nl,1999-05-28,Louiseboulevard 78,8387QW,Geldermalsen,2019-04-08
CST-8661072468,Kim Moenen,kim.moenen@gmail.com,1991-11-25,Faydreef 91,4029 ZM,Erica,2021-07-03
CST-1024375482,Gijs van der Meulen,gijs.van.der.meulen@kruns.info,1952-02-21,Jorisbaan 381,7850CU,Haskerdijken,2021-10-22
CST-8445336203,Mohammed van der Steen,mohammed.van.der.steen@ziggo.nl,1958-08-23,Aminalaan 0,4756 FO,Wildervank,2019-03-13
CST-0927260837,Jasmijn Schrik,jasmijn.schrik@hotmail.com,2002-11-18,Isestraat 94,9568 MH,Feanwâlden,2020-08-16
CST-2906426231,Ali Romijn,ali.romijn@hotmail.com,1981-11-30,Rubendreef 76,9084DW,Eexterveenschekanaal,2020-04-20
CST-3436878808,Seth Buijs,seth.buijs@koninklijke.org,1958-08-12,Suzepad 778,2132 EU,Herwen,2018-03-23
CST-9428215309,Mathijs Everts,mathijs.everts@hotmail.com,1997-02-07,Joëlsteeg 8,6478 KO,Oegstgeest,2020-03-23
CST-2129652603,Jenna Tirie,jenna.tirie@nestle.com,1971-02-24,Nynkering 234,9584 XY,Nieuw- en Sint Joosland,2020-05-07
CST-5612292952,Maurits Vertooren,maurits.vertooren@hotmail.com,1995-06-28,Fiensteeg 8,1411IF,Wânswert,2022-03-08
CST-7759218366,Sjoerd den Haag,sjoerd.den.haag@van.com,1980-01-08,Elineweg 042,4683 VJ,Eenum,2020-10-25
CST-0237562426,Elize Boers,elize.boers@royal.net,1965-03-24,Mellesingel 5,6282 NS,Makkum,2019-03-22
CST-1013929259,Thijs Konings,thijs.konings@ziggo.nl,1982-11-24,Maritlaan 14,6349YW,'t Loo Oldebroek,2021-06-26
CST-2586723130,Frederique van Wijland,frederique.van.wijland@gmail.com,1948-07-19,Mathijssteeg 35,3790 LV,Sint Annen,2018-04-16
CST-4319107358,Aron Bouwhuisen,aron.bouwhuisen@ziggo.nl,1960-04-13,Lizering 307,1533 MM,Meliskerke,2019-02-16
CST-3529761206,Ian Klerks,ian.klerks@ziggo.nl,1996-03-28,Koensingel 232,1103 RY,Venebrugge,2018-07-30
CST-2746461013,Lenn van Oostendorp,lenn.van.oostendorp@gmail.com,1998-09-09,Adamsingel 1,3776ID,Beverwijk,2018-12-02
CST-1095054748,Hannah Stamrood,hannah.stamrood@hotmail.com,2002-05-24,Jennifersteeg 794,8295 UQ,Bingelrade,2018-11-26
CST-4072647957,Jonathan van Riet,jonathan.van.riet@esso.org,1956-06-03,Stanstraat 516,5297 FE,Halle,2018-05-04
CST-2947502779,Sepp Lemmens,sepp.lemmens@pison.net,1945-05-04,Sethboulevard 8,4637CO,Middelstum,2019-08-29
CST-5247609251,Kai Oversteeg,kai.oversteeg@hotmail.com,1987-05-13,Jetsteeg 2,8679DI,Ilpendam,2018-07-15
CST-5249108601,Sofia Dries,sofia.dries@van.com,1984-01-02,Suusweg 3,9720WC,Europoort Rotterdam,2019-07-01
CST-2317575727,Nora Vandenbergh,nora.vandenbergh@hotmail.com,1962-10-04,Tiesbaan 92,7355AC,Driebruggen,2018-08-27
CST-7329906925,Mads van der Heijden,mads.van.der.heijden@gmail.com,1992-09-27,Michellehof 6,6968 ZR,Onderdendam,2018-05-12
CST-0369440121,Sam Wolffel,sam.wolffel@ziggo.nl,2002-01-17,Cashof 38,1429 UJ,De Cocksdorp,2020-11-21
CST-5304118494,Ise Waltrade Walderade,ise.waltrade.walderade@stichting.info,1955-11-05,Lisannehof 673,3951XB,Halle,2019-01-29
CST-4812145633,Maartje van Praagh,maartje.van.praagh@ziggo.nl,1998-01-25,Stellahof 0,1264MO,Emmen,2019-10-04
CST-0638026380,Joey Coenen,joey.coenen@kpn.nl,1985-10-20,Pucklaan 90,3620TY,Haler,2019-07-04
CST-1436655384,Brian Willems van Lier,brian.willems.van.lier@general.com,1979-05-26,Nikkiweg 2,7375 SG,Maarssen,2019-09-09
CST-0335442542,Chris van Vermandois,chris.van.vermandois@outlook.com,1956-02-06,Jakesingel 8,6424 CN,Bloemendaal,2021-08-28
CST-0332599970,Faye Gemen,faye.gemen@gmail.com,1963-04-10,Jorispad 49,9609PT,Ochten,2020-07-16
CST-2523758263,Amir Tins,amir.tins@ziggo.nl,1954-11-20,Rooshof 25,8596SN,Windraak,2019-08-31
CST-4078170822,Jip Elbertse,jip.elbertse@stichting.info,1964-08-11,Victoriaweg 8,5394 VL,Keijenborg,2018-05-30
CST-3014621762,Stella Vos,stella.vos@hoeks.org,1957-10-24,Izering 660,7975UA,Westerbroek,2019-06-30
CST-4369876830,Stef Post,stef.post@kpn.nl,1950-12-18,Mathijssteeg 77,5586 VB,Simpelveld,2019-09-09
CST-7740892988,Wouter van der Laar,wouter.van.der.laar@alfa.biz,1948-12-02,Janring 1,9502 OT,Melissant,2018-10-26
CST-5550517082,Tessa Eelman,tessa.eelman@kpn.nl,1983-03-22,Guusjelaan 97,5680GP,Hedikhuizen,2021-01-25
CST-8814194289,Pepijn van Wassenaar,pepijn.van.wassenaar@hotmail.com,1968-04-09,Lisanneboulevard 21,5122 UD,Homoet,2022-02-13
CST-6643040271,Isa Butselaar,isa.butselaar@ziggo.nl,1965-11-17,Tobiasbaan 3,5646 HK,Goedereede,2021-03-06
CST-9725598944,Jurre Moenen,jurre.moenen@kpn.nl,1953-04-19,Duukring 08,2697 JN,Bathmen,2019-10-26
CST-7673718683,Femke Keijser,femke.keijser@tata.com,1993-01-07,Femkehof 915,4926JX,Mechelen,2019-10-04
CST-2274566375,Anouk van Praagh,anouk.van.praagh@kinepolis.com,1954-03-19,Jolijnpad 337,5117FU,Beek,2021-06-13
CST-9813119566,Melissa van den Pol,melissa.van.den.pol@kpn.nl,2002-12-07,Tijmenstraat 1,9908 US,Noorden,2020-08-30
CST-4616990053,Adam van Maasgouw,adam.van.maasgouw@kpn.nl,1945-10-21,Mikaweg 6,8163 DR,Sint Geertruid,2018-11-12
CST-0256417417,Mara Meeusen,mara.meeusen@kpn.nl,1985-10-23,Michahof 772,7799AY,Spijkerboor,2021-06-04
CST-2827492129,Matthijs Louws,matthijs.louws@kpn.nl,1999-07-25,Robinboulevard 742,2916RJ,Gorredijk,2021-07-30
CST-3969742322,Robin Die Bont,robin.die.bont@ziggo.nl,1975-06-22,Tiesbaan 16,5715WW,Raamsdonk,2018-08-25
CST-9262372939,James Meyer,james.meyer@ziggo.nl,1954-10-08,Angelinastraat 838,3234 CA,Kollumerpomp,2018-07-11
CST-7745098830,Jenna van Vlaanderen,jenna.van.vlaanderen@van.com,1973-03-12,Liampad 74,4606HD,Keent,2021-03-02
CST-1349897838,Tom van de Noordmark,tom.van.de.noordmark@van.biz,1949-09-05,Joeyboulevard 890,5217SR,Slenaken,2020-04-03
CST-3751102165,Finn Stuivenberg,finn.stuivenberg@outlook.com,2004-12-05,Thijmenring 586,9843 GF,Bovenkarspel,2018-06-02
CST-9366144200,Duuk Galijn,duuk.galijn@hotmail.com,1982-12-12,Finnboulevard 6,7800QA,Thesinge,2020-12-11
CST-0498299546,Tijmen Zwijsen,tijmen.zwijsen@outlook.com,1965-07-27,Estherhof 24,2263NL,Gameren,2018-08-24
CST-4190392642,Fabian van der Loo,fabian.van.der.loo@kpn.nl,1945-01-20,Jipboulevard 636,6914 OK,Westdorp,2019-03-16
CST-6317991073,Juul Ehlert,juul.ehlert@outlook.com,1980-02-06,Matslaan 060,6026 TA,Delwijnen,2018-10-08
CST-5917923792,Loïs van Daal,lois.van.daal@hotmail.com,1978-01-12,Markbaan 163,7924 LX,Den Dungen,2021-09-08
CST-0978677712,Lana de Gratie,lana.de.gratie@outlook.com,1980-07-28,Merijndreef 50,2665VV,Krimpen aan den IJssel,2020-06-30
CST-1405437507,Mirte van den Nyeuwenhuysen,mirte.van.den.nyeuwenhuysen@kpn.nl,1970-02-14,Frederiquelaan 05,9876 JH,Aalsum,2021-05-29
CST-2696455947,Laurens de Beer,laurens.de.beer@van.com,1950-12-02,Josephinedreef 47,4993 PY,Lage Mierde,2021-08-24
